valid_time,latitude,longitude,t2m,tp,u10,v10,sp,lai_hv,number,expver,GPP
2021/1/1,32,118.5,277.13235,0.000907686,-0.0587101,-0.21560764,102137.734,2.3620605,0,1,55.2
2021/1/1,32,118.6,277.12845,0.000904579,-0.076776505,-0.18484592,102219.734,1.7478027,0,1,36
2021/1/1,32,118.7,277.1382,0.000896316,-0.096307755,-0.1618967,102373.734,0.75024414,0,1,15.3
2021/1/1,32,118.8,277.105,0.000905734,-0.09435463,-0.15750217,102361.734,0.18945312,0,1,16.5
2021/1/1,32,118.9,277.18314,0.000928786,-0.07775307,-0.16433811,102191.734,2.395874,0,1,10.2
2021/1/1,31.9,118.5,277.32376,0.000940387,-0.08263588,-0.20535374,102418.734,0.6571045,0,1,59.7
2021/1/1,31.9,118.6,277.30814,0.000940111,-0.0977726,-0.17361546,102449.734,0.6654053,0,1,24.3
2021/1/1,31.9,118.7,277.39212,0.00093833,-0.11290932,-0.14334202,102446.734,2.4569092,0,1,7.5
2021/1/1,31.9,118.8,277.37454,0.0009689,-0.104120255,-0.14675999,102418.734,0.421875,0,1,11.4
2021/1/1,31.9,118.9,277.3804,0.001001146,-0.0899601,-0.15799046,102443.734,1.8483887,0,1,8.1
2021/1/1,31.8,118.5,277.39798,0.000958462,-0.11290932,-0.21267796,102489.734,0,0,1,38.7
2021/1/1,31.8,118.6,277.4097,0.000961181,-0.12511635,-0.18240452,102311.734,1.0478516,0,1,19.8
2021/1/1,31.8,118.7,277.37064,0.000977073,-0.1290226,-0.16092014,102217.734,1.918457,0,1,7.5
2021/1/1,31.8,118.8,277.40775,0.00102431,-0.115839005,-0.16336155,102331.734,0.35339355,0,1,7.8
2021/1/1,31.8,118.9,277.4976,0.00107285,-0.09826088,-0.17849827,102561.734,2.137329,0,1,10.5
2021/2/1,32,118.5,282.40643,0.001422343,-1.0973835,0.020752907,101707.25,2.3741455,0,1,81
2021/2/1,32,118.6,282.38885,0.001439606,-1.0973835,0.047120094,101789.25,1.7614746,0,1,78
2021/2/1,32,118.7,282.37714,0.001444918,-1.1134968,0.06616306,101941.25,0.75024414,0,1,75.9
2021/2/1,32,118.8,282.34393,0.00144186,-1.1188679,0.07202244,101932.25,0.18945312,0,1,61.8
2021/2/1,32,118.9,282.3322,0.001440556,-1.1134968,0.070557594,101768.25,2.4006348,0,1,22.5
2021/2/1,31.9,118.5,282.58807,0.001457491,-1.1496296,0.023194313,101979.25,0.6591797,0,1,72.9
2021/2/1,31.9,118.6,282.5783,0.001478051,-1.1432819,0.050538063,102011.25,0.6672363,0,1,59.7
2021/2/1,31.9,118.7,282.62518,0.001495493,-1.1408405,0.07690525,102010.25,2.45813,0,1,43.8
2021/2/1,31.9,118.8,282.56854,0.001513024,-1.1325397,0.078858376,101985.25,0.421875,0,1,47.4
2021/2/1,31.9,118.9,282.5041,0.001530779,-1.1222858,0.07544041,102012.25,1.8531494,0,1,32.4
2021/2/1,31.8,118.5,282.67987,0.001526681,-1.1750202,0.013428688,102047.25,0,0,1,40.5
2021/2/1,31.8,118.6,282.6662,0.001559087,-1.164278,0.040284157,101874.25,1.0495605,0,1,38.7
2021/2/1,31.8,118.7,282.60956,0.001595982,-1.1501179,0.060303688,101784.25,1.920166,0,1,43.8
2021/2/1,31.8,118.8,282.59784,0.00160784,-1.1383991,0.06176853,101897.25,0.35339355,0,1,38.1
2021/2/1,31.8,118.9,282.61346,0.001611658,-1.1296101,0.055420876,102125.25,2.137329,0,1,39.6
2021/3/1,32,118.5,284.57025,0.002774451,-1.2357235,-0.2654152,101481.11,2.390747,0,1,110.1
2021/3/1,32,118.6,284.5761,0.002757613,-1.2454891,-0.24930191,101562.11,1.7816162,0,1,139.5
2021/3/1,32,118.7,284.59955,0.002726336,-1.26795,-0.24393082,101712.11,0.75024414,0,1,119.4
2021/3/1,32,118.8,284.5761,0.002709259,-1.2840633,-0.24100113,101702.11,0.18945312,0,1,122.7
2021/3/1,32,118.9,284.52728,0.002706562,-1.2918758,-0.23611832,101540.11,2.4134521,0,1,96.6
2021/3/1,31.9,118.5,284.72845,0.00290439,-1.2855282,-0.28152847,101749.11,0.6636963,0,1,101.4
2021/3/1,31.9,118.6,284.7265,0.002893184,-1.2908993,-0.26150894,101781.11,0.670166,0,1,110.7
2021/3/1,31.9,118.7,284.75775,0.002878521,-1.2996883,-0.24393082,101779.11,2.4642334,0,1,121.2
2021/3/1,31.9,118.8,284.7187,0.00289527,-1.3011532,-0.23611832,101754.11,0.421875,0,1,113.4
2021/3/1,31.9,118.9,284.68353,0.002904337,-1.3011532,-0.23074722,101780.11,1.855835,0,1,106.5
2021/3/1,31.8,118.5,284.81244,0.002942738,-1.3065243,-0.29080582,101815.11,0,0,1,62.4
2021/3/1,31.8,118.6,284.77728,0.002951135,-1.3075008,-0.2678566,101643.11,1.0567627,0,1,88.2
2021/3/1,31.8,118.7,284.72455,0.002984766,-1.3050594,-0.2468605,101553.11,1.9273682,0,1,121.2
2021/3/1,31.8,118.8,284.74603,0.003030364,-1.3055477,-0.23953629,101665.11,0.35339355,0,1,113.7
2021/3/1,31.8,118.9,284.7929,0.003052857,-1.3079891,-0.23855972,101891.11,2.137329,0,1,103.5
2021/4/1,32,118.5,288.74292,0.001468375,-0.834321,-0.29861164,101269.87,2.4124756,0,1,116.7
2021/4/1,32,118.6,288.77808,0.001491792,-0.8455515,-0.25222492,101347.87,1.8109131,0,1,159.9
2021/4/1,32,118.7,288.83862,0.001527421,-0.86703587,-0.21511555,101494.87,0.75024414,0,1,180.6
2021/4/1,32,118.8,288.81323,0.001561582,-0.88266087,-0.17849445,101483.87,0.1899414,0,1,167.4
2021/4/1,32,118.9,288.74878,0.001599639,-0.89096165,-0.14284992,101322.87,2.4334717,0,1,132.9
2021/4/1,31.9,118.5,288.92847,0.001486823,-0.87045383,-0.30300617,101533.87,0.6694336,0,1,110.1
2021/4/1,31.9,118.6,288.94214,0.001504876,-0.87826633,-0.25320148,101564.87,0.6755371,0,1,143.7
2021/4/1,31.9,118.7,288.99292,0.001525834,-0.88803196,-0.2058382,101561.87,2.4709473,0,1,173.1
2021/4/1,31.9,118.8,288.95776,0.00157737,-0.89340305,-0.17409992,101536.87,0.421875,0,1,156.9
2021/4/1,31.9,118.9,288.93042,0.001651466,-0.89389133,-0.14724445,101560.87,1.8618164,0,1,130.8
2021/4/1,31.8,118.5,289.03003,0.001516305,-0.868989,-0.32253742,101600.87,0,0,1,61.8
2021/4/1,31.8,118.6,288.99487,0.001535803,-0.87484837,-0.27273273,101431.87,1.0631104,0,1,117.9
2021/4/1,31.8,118.7,288.9558,0.001553029,-0.8816843,-0.22585773,101341.87,1.9320068,0,1,173.1
2021/4/1,31.8,118.8,288.99097,0.001563936,-0.8943796,-0.1902132,101451.87,0.35339355,0,1,152.1
2021/4/1,31.8,118.9,289.05347,0.001609102,-0.9031687,-0.16286945,101671.87,2.137329,0,1,162.6
2021/5/1,32,118.5,294.81842,0.006386011,-0.22515011,0.62434196,100378.625,2.4172363,0,1,135
2021/5/1,32,118.6,294.85358,0.006214931,-0.24077511,0.6262951,100456.625,1.8164062,0,1,213.9
2021/5/1,32,118.7,294.91608,0.006083897,-0.26323605,0.64289665,100599.625,0.75024414,0,1,164.4
2021/5/1,32,118.8,294.877,0.006084784,-0.2798376,0.6629162,100590.625,0.1899414,0,1,160.8
2021/5/1,32,118.9,294.79108,0.00615552,-0.29204464,0.67951775,100436.625,2.4387207,0,1,165.9
2021/5/1,31.9,118.5,295.00592,0.006689868,-0.22466183,0.6419201,100638.625,0.6717529,0,1,121.5
2021/5/1,31.9,118.6,295.01373,0.006515293,-0.23735714,0.6394787,100669.625,0.6777344,0,1,152.7
2021/5/1,31.9,118.7,295.04303,0.006349078,-0.2515173,0.64045525,100668.625,2.472168,0,1,163.8
2021/5/1,31.9,118.8,294.99615,0.006344437,-0.26763058,0.64533806,100644.625,0.421875,0,1,162.6
2021/5/1,31.9,118.9,294.96686,0.006398349,-0.28081417,0.65070915,100669.625,1.862915,0,1,158.1
2021/5/1,31.8,118.5,295.127,0.007098294,-0.19341183,0.63264275,100705.625,0,0,1,68.1
2021/5/1,31.8,118.6,295.07428,0.006942987,-0.20659542,0.6253185,100543.625,1.0653076,0,1,137.1
2021/5/1,31.8,118.7,295.0157,0.006818845,-0.22368526,0.61652946,100457.625,1.9331055,0,1,163.8
2021/5/1,31.8,118.8,295.0313,0.006742715,-0.24565792,0.620924,100564.625,0.35339355,0,1,160.8
2021/5/1,31.8,118.9,295.09186,0.006741419,-0.2642126,0.6306896,100779.625,2.137329,0,1,194.1
2021/6/1,32,118.5,298.56848,0.004238376,-1.0673656,0.7153435,100021.695,2.4230957,0,1,159
2021/6/1,32,118.6,298.59973,0.00437233,-1.0737133,0.7324333,100097.695,1.8212891,0,1,281.1
2021/6/1,32,118.7,298.66614,0.004503177,-1.0932446,0.7568474,100239.695,0.75024414,0,1,250.2
2021/6/1,32,118.8,298.62512,0.004637354,-1.1161938,0.7900505,100230.695,0.1899414,0,1,233.1
2021/6/1,32,118.9,298.53137,0.00477022,-1.1376781,0.82520676,100080.695,2.4377441,0,1,185.4
2021/6/1,31.9,118.5,298.68372,0.0044299,-1.1249828,0.6865349,100274.695,0.6734619,0,1,153.9
2021/6/1,31.9,118.6,298.68762,0.004565702,-1.1274242,0.7021599,100305.695,0.6772461,0,1,216.6
2021/6/1,31.9,118.7,298.70325,0.004700498,-1.1332836,0.7192497,100304.695,2.4735107,0,1,227.7
2021/6/1,31.9,118.8,298.64075,0.004817196,-1.1474438,0.7402458,100282.695,0.421875,0,1,214.5
2021/6/1,31.9,118.9,298.6095,0.004932129,-1.1630688,0.7636833,100307.695,1.8643799,0,1,176.7
2021/6/1,31.8,118.5,298.74426,0.00484711,-1.1440258,0.63575363,100339.695,0,0,1,107.1
2021/6/1,31.8,118.6,298.672,0.004935973,-1.1450024,0.6474724,100180.695,1.0661621,0,1,174.6
2021/6/1,31.8,118.7,298.59192,0.005002231,-1.1484203,0.657238,100097.695,1.9344482,0,1,227.7
2021/6/1,31.8,118.8,298.59583,0.005150543,-1.1611156,0.67676926,100203.695,0.35339355,0,1,202.2
2021/6/1,31.8,118.9,298.65442,0.005325452,-1.179182,0.7016716,100414.695,2.137329,0,1,204.6
2021/7/1,32,118.5,300.5975,0.009225535,-0.8819113,0.5657978,99826.4,2.4550781,0,1,177
2021/7/1,32,118.6,300.6815,0.009483504,-0.9073019,0.560915,99901.4,1.8579102,0,1,242.1
2021/7/1,32,118.7,300.79672,0.009729999,-0.9444113,0.56677437,100040.4,0.75024414,0,1,216.6
2021/7/1,32,118.8,300.8143,0.01021115,-0.99470425,0.5897236,100031.4,0.1899414,0,1,246.9
2021/7/1,32,118.9,300.74008,0.010790276,-1.0484152,0.61950874,99882.4,2.458252,0,1,225.6
2021/7/1,31.9,118.5,300.7811,0.009321059,-0.8662863,0.5736103,100075.4,0.6816406,0,1,162
2021/7/1,31.9,118.6,300.84164,0.009609419,-0.88825893,0.5662861,100105.4,0.68237305,0,1,204.6
2021/7/1,31.9,118.7,300.88266,0.00989377,-0.91364956,0.5614033,100104.4,2.4837646,0,1,238.5
2021/7/1,31.9,118.8,300.869,0.01021311,-0.9541769,0.57556343,100081.4,0.421875,0,1,234.3
2021/7/1,31.9,118.9,300.8846,0.010546627,-0.9966574,0.5975361,100104.4,1.8751221,0,1,243.9
2021/7/1,31.8,118.5,300.88852,0.009390841,-0.8106222,0.57654,100139.4,0,0,1,120.6
2021/7/1,31.8,118.6,300.8475,0.009641844,-0.83357143,0.5657978,99981.4,1.0788574,0,1,200.4
2021/7/1,31.8,118.7,300.8221,0.009884114,-0.8609152,0.5555439,99898.4,1.9458008,0,1,238.5
2021/7/1,31.8,118.8,300.8768,0.010220098,-0.9024191,0.5604267,100001.4,0.35339355,0,1,241.2
2021/7/1,31.8,118.9,300.98422,0.010579835,-0.94734097,0.57995796,100208.4,2.137329,0,1,228
2021/8/1,32,118.5,299.79767,0.006301954,-1.3252373,-0.37776375,100186.97,2.4575195,0,1,178.5
2021/8/1,32,118.6,299.87384,0.005959638,-1.3286552,-0.36213875,100260.97,1.8637695,0,1,260.4
2021/8/1,32,118.7,299.99103,0.005822875,-1.3462334,-0.35090828,100399.97,0.75024414,0,1,233.1
2021/8/1,32,118.8,299.99298,0.005785331,-1.3686943,-0.3372364,100389.97,0.1899414,0,1,250.2
2021/8/1,32,118.9,299.9129,0.005720668,-1.387249,-0.3216114,100237.97,2.4611816,0,1,219.9
2021/8/1,31.9,118.5,299.9754,0.007482991,-1.3784599,-0.39387703,100436.97,0.6812744,0,1,159.3
2021/8/1,31.9,118.6,300.01642,0.00708063,-1.3774834,-0.3767872,100465.97,0.6837158,0,1,209.7
2021/8/1,31.9,118.7,300.03204,0.006727323,-1.3789482,-0.36018562,100462.97,2.4846191,0,1,236.1
2021/8/1,31.9,118.8,300.0125,0.00649523,-1.3852959,-0.34602547,100438.97,0.421875,0,1,226.2
2021/8/1,31.9,118.9,300.02228,0.006237149,-1.3911552,-0.33284187,100460.97,1.8758545,0,1,191.1
2021/8/1,31.8,118.5,300.08087,0.00772994,-1.3916435,-0.41731453,100497.97,0,0,1,108.9
2021/8/1,31.8,118.6,300.0301,0.00742463,-1.387249,-0.3997364,100337.97,1.0795898,0,1,197.1
2021/8/1,31.8,118.7,299.98322,0.007212266,-1.3823662,-0.38215828,100252.97,1.9458008,0,1,236.1
2021/8/1,31.8,118.8,300.02032,0.006968796,-1.3882256,-0.36409187,100356.97,0.35339355,0,1,213.6
2021/8/1,31.8,118.9,300.11603,0.006649442,-1.3979912,-0.34895515,100564.97,2.137329,0,1,219
2021/9/1,32,118.5,298.27014,0.001307197,-0.88433075,-0.44501686,100634.21,2.4226074,0,1,115.5
2021/9/1,32,118.6,298.29944,0.001216911,-0.88433075,-0.42206764,100709.21,1.8238525,0,1,181.2
2021/9/1,32,118.7,298.3717,0.001093485,-0.90044403,-0.4103489,100849.21,0.75024414,0,1,189.3
2021/9/1,32,118.8,298.3463,0.001044028,-0.91851044,-0.40302467,100839.21,0.1899414,0,1,172.5
2021/9/1,32,118.9,298.2682,0.001052402,-0.9302292,-0.39618874,100685.21,2.4468994,0,1,196.2
2021/9/1,31.9,118.5,298.50647,0.001050465,-0.93169403,-0.4723606,100888.21,0.6719971,0,1,105.6
2021/9/1,31.9,118.6,298.49866,0.00097739,-0.9268112,-0.4464817,100916.21,0.6781006,0,1,147.6
2021/9/1,31.9,118.7,298.49866,0.000895866,-0.9248581,-0.42255592,100914.21,2.4771729,0,1,177
2021/9/1,31.9,118.8,298.44397,0.000908755,-0.9272995,-0.41181374,100889.21,0.421875,0,1,187.8
2021/9/1,31.9,118.9,298.4264,0.000933283,-0.92827606,-0.40400124,100912.21,1.8693848,0,1,204.6
2021/9/1,31.8,118.5,298.68225,0.000870146,-0.94438934,-0.50214577,100950.21,0,0,1,42.9
2021/9/1,31.8,118.6,298.59436,0.000806012,-0.93852997,-0.4752903,100788.21,1.0672607,0,1,137.1
2021/9/1,31.8,118.7,298.5006,0.000776806,-0.93413544,-0.45087624,100703.21,1.9361572,0,1,177
2021/9/1,31.8,118.8,298.4967,0.000827842,-0.9370651,-0.43720436,100807.21,0.35339355,0,1,190.8
2021/9/1,31.8,118.9,298.56116,0.000887521,-0.9399948,-0.42939186,101018.21,2.137329,0,1,195.3
2021/10/1,32,118.5,291.59485,0.00195388,-1.3053436,-1.250742,101607.42,2.390503,0,1,93
2021/10/1,32,118.6,291.6632,0.002032565,-1.3258514,-1.2028904,101682.42,1.783081,0,1,139.5
2021/10/1,32,118.7,291.7804,0.002121227,-1.3551483,-1.1828709,101826.42,0.75024414,0,1,141.6
2021/10/1,32,118.8,291.78235,0.002406674,-1.3800507,-1.1643162,101814.42,0.18945312,0,1,141.6
2021/10/1,32,118.9,291.73547,0.002842697,-1.3981171,-1.1403904,101653.42,2.4196777,0,1,160.5
2021/10/1,31.9,118.5,291.81946,0.001896488,-1.3595428,-1.2956638,101866.42,0.6636963,0,1,72.6
2021/10/1,31.9,118.6,291.85266,0.001982505,-1.3766327,-1.2385349,101894.42,0.6717529,0,1,117.6
2021/10/1,31.9,118.7,291.9386,0.002070236,-1.3966522,-1.1877537,101891.42,2.465088,0,1,155.1
2021/10/1,31.9,118.8,291.9132,0.002484086,-1.4078827,-1.1574802,101863.42,0.421875,0,1,141
2021/10/1,31.9,118.9,291.9308,0.003059479,-1.4156952,-1.1316013,101885.42,1.861206,0,1,106.5
2021/10/1,31.8,118.5,291.964,0.001911874,-1.3834686,-1.3239841,101928.42,0,0,1,33.9
2021/10/1,31.8,118.6,291.96594,0.001986931,-1.3995819,-1.2600193,101759.42,1.0568848,0,1,88.8
2021/10/1,31.8,118.7,291.93665,0.00208244,-1.4137421,-1.1984959,101669.42,1.9284668,0,1,155.1
2021/10/1,31.8,118.8,291.99915,0.002317513,-1.4288788,-1.1662693,101775.42,0.35339355,0,1,130.8
2021/10/1,31.8,118.9,292.11047,0.002795237,-1.4401093,-1.1486912,101992.42,2.137329,0,1,126.3
2021/11/1,32,118.5,284.67627,0.001334366,0.023485184,-0.19654274,101726.53,2.374878,0,1,93.9
2021/11/1,32,118.6,284.68994,0.001385865,0.002000809,-0.14478493,101805.53,1.7624512,0,1,131.4
2021/11/1,32,118.7,284.729,0.001420756,-0.021924973,-0.10328102,101953.53,0.75024414,0,1,114.9
2021/11/1,32,118.8,284.69775,0.001428497,-0.02485466,-0.07593727,101941.53,0.18945312,0,1,95.7
2021/11/1,32,118.9,284.78174,0.00141972,-0.013624191,-0.05640602,101776.53,2.4030762,0,1,68.1
2021/11/1,31.9,118.5,284.89893,0.001353865,-0.00922966,-0.19947243,101998.53,0.6591797,0,1,87
2021/11/1,31.9,118.6,284.88916,0.001409617,-0.028272629,-0.14527321,102029.53,0.66748047,0,1,95.1
2021/11/1,31.9,118.7,284.99072,0.001461458,-0.04780388,-0.093515396,102025.53,2.458252,0,1,83.4
2021/11/1,31.9,118.8,284.9712,0.001458299,-0.043409348,-0.07105446,101997.53,0.421875,0,1,81.9
2021/11/1,31.9,118.9,284.99268,0.00143337,-0.034620285,-0.054452896,102020.53,1.8540039,0,1,47.4
2021/11/1,31.8,118.5,285.0083,0.001347256,-0.046827316,-0.21412086,102068.53,0,0,1,50.4
2021/11/1,31.8,118.6,285.02783,0.001387295,-0.0629406,-0.16187477,101895.53,1.0495605,0,1,66.3
2021/11/1,31.8,118.7,284.979,0.001414713,-0.07026482,-0.11744118,101803.53,1.9211426,0,1,83.4
2021/11/1,31.8,118.8,285.0454,0.00144798,-0.062452316,-0.09498024,101913.53,0.35339355,0,1,65.4
2021/11/1,31.8,118.9,285.1665,0.001457592,-0.051221848,-0.081796646,102135.53,2.137329,0,1,65.1
2021/12/1,32,118.5,278.9679,0.000317131,-0.293746,-0.55487823,102315.82,2.3666992,0,1,70.8
2021/12/1,32,118.6,278.93665,0.000302773,-0.32597256,-0.5060501,102395.82,1.7519531,0,1,71.7
2021/12/1,32,118.7,278.9425,0.000304681,-0.3611288,-0.4752884,102549.82,0.75024414,0,1,48.6
2021/12/1,32,118.8,278.86633,0.000329193,-0.36503506,-0.47138214,102536.82,0.18945312,0,1,30.6
2021/12/1,32,118.9,278.92297,0.000359778,-0.3479452,-0.47968292,102367.82,2.395996,0,1,3.9
2021/12/1,31.9,118.5,279.1808,0.000334371,-0.33720303,-0.55927277,102593.82,0.6571045,0,1,73.2
2021/12/1,31.9,118.6,279.1222,0.000316453,-0.36601162,-0.5060501,102623.82,0.6652832,0,1,48.6
2021/12/1,31.9,118.7,279.17102,0.000302423,-0.3953085,-0.45722198,102620.82,2.4569092,0,1,22.8
2021/12/1,31.9,118.8,279.13196,0.000313256,-0.38407803,-0.45478058,102592.82,0.421875,0,1,21.6
2021/12/1,31.9,118.9,279.12805,0.000324216,-0.36747646,-0.46356964,102616.82,1.8482666,0,1,2.7
2021/12/1,31.8,118.5,279.28235,0.000315231,-0.38847256,-0.57489777,102662.82,0,0,1,51.6
2021/12/1,31.8,118.6,279.27063,0.000301745,-0.4109335,-0.52313995,102484.82,1.0478516,0,1,35.4
2021/12/1,31.8,118.7,279.19446,0.000299234,-0.41923428,-0.48358917,102390.82,1.918457,0,1,22.8
2021/12/1,31.8,118.8,279.22766,0.000316669,-0.39970303,-0.47870636,102503.82,0.35339355,0,1,12.9
2021/12/1,31.8,118.9,279.31165,0.000333343,-0.37528896,-0.49140167,102733.82,2.137329,0,1,8.4
2022/1/1,32,118.5,277.44202,0.00235331,-1.2584753,-1.0991316,102162.84,2.3620605,0,1,33.3
2022/1/1,32,118.6,277.46936,0.002326313,-1.2692175,-1.0561628,102243.84,1.7478027,0,1,8.4
2022/1/1,32,118.7,277.53186,0.002316221,-1.2921667,-1.042491,102397.84,0.75024414,0,1,1.8
2022/1/1,31.9,118.5,277.64124,0.00244012,-1.3175573,-1.1347761,102437.84,0.6571045,0,1,36.9
2022/1/1,31.9,118.6,277.64905,0.002408977,-1.3224401,-1.08253,102469.84,0.6654053,0,1,6.9
2022/1/1,31.8,118.5,277.76428,0.002506207,-1.3566198,-1.1508894,102504.84,0,0,1,33.3
2022/1/1,31.8,118.6,277.75647,0.002485215,-1.3575964,-1.0942488,102325.84,1.0478516,0,1,16.5
2022/2/1,32,118.5,277.0517,0.001652541,-1.3125906,-0.59880066,102296.96,2.3741455,0,1,39.6
2022/2/1,32,118.6,277.07123,0.001660931,-1.3208914,-0.57048035,102378.96,1.7614746,0,1,31.2
2022/2/1,32,118.7,277.12787,0.001672829,-1.3448172,-0.5616913,102533.96,0.75024414,0,1,21.6
2022/2/1,32,118.8,277.122,0.001688967,-1.3511648,-0.5685272,102521.96,0.18945312,0,1,0.3
2022/2/1,32,118.9,277.081,0.001706603,-1.3423758,-0.5797577,102352.96,2.4006348,0,1,1.2
2022/2/1,31.9,118.5,277.21967,0.001765976,-1.4009695,-0.62467957,102573.96,0.6591797,0,1,39.9
2022/2/1,31.9,118.6,277.2099,0.001773345,-1.4019461,-0.5900116,102606.96,0.6672363,0,1,8.1
2022/2/1,31.9,118.7,277.27826,0.001781526,-1.4073172,-0.5607147,102603.96,2.45813,0,1,9.6
2022/2/1,31.9,118.8,277.247,0.001793074,-1.3951101,-0.5631561,102576.96,0.421875,0,1,4.8
2022/2/1,31.9,118.9,277.22943,0.00180732,-1.3814383,-0.57292175,102601.96,1.8531494,0,1,4.5
2022/2/1,31.8,118.5,277.26654,0.001885603,-1.4751883,-0.6520233,102642.96,0,0,1,43.5
2022/2/1,31.8,118.6,277.24896,0.001890058,-1.4683523,-0.6154022,102463.96,1.0495605,0,1,21.3
2022/2/1,31.8,118.7,277.18842,0.001893277,-1.4527273,-0.5851288,102369.96,1.920166,0,1,7.5
2022/2/1,31.8,118.8,277.24115,0.001901823,-1.4356375,-0.58561707,102484.96,0.35339355,0,1,5.4
2022/2/1,31.8,118.9,277.3427,0.001915882,-1.4224539,-0.60124207,102716.96,2.137329,0,1,2.4
2022/3/1,32,118.5,285.86533,0.005543694,-1.1822109,-0.105439186,101276.49,2.390747,0,1,58.8
2022/3/1,32,118.6,285.8751,0.005451404,-1.1934414,-0.08639622,101356.49,1.7816162,0,1,64.2
2022/3/1,32,118.7,285.89072,0.005449243,-1.2193203,-0.07321262,101506.49,0.75024414,0,1,61.5
2022/3/1,32,118.8,285.83994,0.005436301,-1.2393398,-0.06295872,101497.49,0.18945312,0,1,45.6
2022/3/1,32,118.9,285.78915,0.005402073,-1.2495937,-0.053681374,101336.49,2.4134521,0,1,53.1
2022/3/1,31.9,118.5,286.04306,0.005878039,-1.234457,-0.11178684,101543.49,0.6636963,0,1,41.1
2022/3/1,31.9,118.6,286.04306,0.005751871,-1.2393398,-0.09030247,101575.49,0.670166,0,1,60
2022/3/1,31.9,118.7,286.09384,0.005647413,-1.2486172,-0.07077122,101574.49,2.4642334,0,1,63.9
2022/3/1,31.9,118.8,286.03915,0.005629607,-1.2510586,-0.06295872,101549.49,0.421875,0,1,54.9
2022/3/1,31.9,118.9,285.9825,0.005626611,-1.2549648,-0.057099342,101574.49,1.855835,0,1,30.6
2022/3/1,31.8,118.5,286.14267,0.005986221,-1.2661953,-0.12643528,101608.49,0,0,1,44.4
2022/3/1,31.8,118.6,286.11337,0.005894013,-1.2642422,-0.10592747,101439.49,1.0567627,0,1,50.4
2022/3/1,31.8,118.7,286.05478,0.005836405,-1.256918,-0.08786106,101350.49,1.9273682,0,1,59.7
2022/3/1,31.8,118.8,286.0704,0.005780906,-1.2525234,-0.08053684,101461.49,0.35339355,0,1,51
2022/3/1,31.8,118.9,286.10947,0.005742028,-1.2559414,-0.07711887,101685.49,2.137329,0,1,54.3
2022/4/1,32,118.5,289.8528,0.004172514,-0.8002281,0.24390507,101131.086,2.4124756,0,1,94.8
2022/4/1,32,118.6,289.8782,0.004267687,-0.8236656,0.24146366,101210.086,1.8109131,0,1,197.7
2022/4/1,32,118.7,289.94852,0.004347304,-0.85931015,0.24097538,101357.086,0.75024414,0,1,173.7
2022/4/1,32,118.8,289.85477,0.004427733,-0.89007187,0.2404871,101347.086,0.1899414,0,1,34.2
2022/4/1,32,118.9,289.8196,0.004499639,-0.91350937,0.23902225,101189.086,2.4334717,0,1,50.1
2022/4/1,31.9,118.5,290.0403,0.004566158,-0.83880234,0.23804569,101395.086,0.6694336,0,1,48.3
2022/4/1,31.9,118.6,290.01297,0.004669132,-0.8578453,0.235116,101427.086,0.6755371,0,1,66.6
2022/4/1,31.9,118.7,290.05594,0.004767547,-0.87981796,0.2326746,101425.086,2.4709473,0,1,51.6
2022/4/1,31.9,118.8,290.0032,0.004764254,-0.8969078,0.23218632,101400.086,0.421875,0,1,85.8
2022/4/1,31.9,118.9,289.98172,0.00477619,-0.9149742,0.22876835,101425.086,1.8618164,0,1,42.3
2022/4/1,31.8,118.5,290.095,0.005253831,-0.8651695,0.20044804,101462.086,0,0,1,51
2022/4/1,31.8,118.6,290.03055,0.005388173,-0.8788414,0.19995975,101295.086,1.0631104,0,1,77.7
2022/4/1,31.8,118.7,289.94656,0.005481707,-0.888607,0.20240116,101208.086,1.9320068,0,1,68.1
2022/4/1,31.8,118.8,289.99734,0.005349512,-0.9003258,0.20728397,101316.086,0.35339355,0,1,67.2
2022/4/1,31.8,118.9,290.07938,0.005204509,-0.9174156,0.20777225,101536.086,2.137329,0,1,88.5
2022/5/1,32,118.5,293.51608,0.000672168,-1.0011883,0.54534054,100721.99,2.4172363,0,1,144.6
2022/5/1,32,118.6,293.54733,0.000624223,-1.0236492,0.5668249,100799.99,1.8164062,0,1,215.4
2022/5/1,32,118.7,293.60788,0.000589399,-1.0578289,0.59221554,100944.99,0.75024414,0,1,221.4
2022/5/1,32,118.8,293.54147,0.000612153,-1.0890789,0.62004757,100936.99,0.1899414,0,1,124.8
2022/5/1,32,118.9,293.46335,0.000665566,-1.1144695,0.64690304,100781.99,2.4387207,0,1,173.1
2022/5/1,31.9,118.5,293.65475,0.000706329,-1.078825,0.51653194,100981.99,0.6717529,0,1,83.4
2022/5/1,31.9,118.6,293.65085,0.000658384,-1.0968914,0.53703976,101013.99,0.6777344,0,1,198.6
2022/5/1,31.9,118.7,293.69186,0.000613256,-1.1178875,0.55852413,101013.99,2.472168,0,1,270.9
2022/5/1,31.9,118.8,293.63718,0.00062923,-1.1374187,0.5780554,100989.99,0.421875,0,1,176.4
2022/5/1,31.9,118.9,293.60788,0.000670879,-1.15695,0.5980749,101014.99,1.862915,0,1,135.6
2022/5/1,31.8,118.5,293.72116,0.000783584,-1.1252117,0.47453976,101047.99,0,0,1,91.5
2022/5/1,31.8,118.6,293.6567,0.00073961,-1.1403484,0.49211788,100884.99,1.0653076,0,1,178.2
2022/5/1,31.8,118.7,293.57663,0.000704287,-1.1540203,0.50823116,100798.99,1.9331055,0,1,215.4
2022/5/1,31.8,118.8,293.60593,0.000688686,-1.1735516,0.5277624,100906.99,0.35339355,0,1,203.7
2022/5/1,31.8,118.9,293.6899,0.000707074,-1.1955242,0.5487585,101124.99,2.137329,0,1,231.9
2022/6/1,32,118.5,299.56573,0.004624058,-0.3724661,1.6717939,99920.04,2.4230957,0,1,135.3
2022/6/1,32,118.6,299.597,0.004667093,-0.38320827,1.6385908,99998.04,1.8212891,0,1,241.2
2022/6/1,32,118.7,299.65167,0.004713033,-0.40420437,1.633708,100140.04,0.75024414,0,1,180
2022/6/1,32,118.8,299.6341,0.004720521,-0.42813015,1.637126,100133.04,0.1899414,0,1,107.1
2022/6/1,32,118.9,299.53058,0.004683327,-0.4505911,1.6376143,99984.04,2.4377441,0,1,119.1
2022/6/1,31.9,118.5,299.59894,0.004998666,-0.38320827,1.6820478,100176.04,0.6734619,0,1,80.4
2022/6/1,31.9,118.6,299.61652,0.005040583,-0.3905325,1.6395674,100209.04,0.6772461,0,1,138.3
2022/6/1,31.9,118.7,299.6595,0.005082954,-0.4007864,1.6039228,100209.04,2.4735107,0,1,180.6
2022/6/1,31.9,118.8,299.61652,0.00497352,-0.41836452,1.5858564,100188.04,0.421875,0,1,96
2022/6/1,31.9,118.9,299.60284,0.00484318,-0.43643093,1.5741377,100213.04,1.8643799,0,1,94.8
2022/6/1,31.8,118.5,299.62628,0.005553354,-0.37539577,1.6634932,100244.04,0,0,1,69
2022/6/1,31.8,118.6,299.5716,0.00552236,-0.38272,1.6117353,100087.04,1.0661621,0,1,136.5
2022/6/1,31.8,118.7,299.51886,0.005418156,-0.39248562,1.5594893,100005.04,1.9344482,0,1,138.3
2022/6/1,31.8,118.8,299.5501,0.00531767,-0.40957546,1.5350752,100111.04,0.35339355,0,1,138
2022/6/1,31.8,118.9,299.63995,0.005225909,-0.4291067,1.5292158,100322.04,2.137329,0,1,180.6
2022/7/1,32,118.5,302.2865,0.003677403,-0.000831604,0.8699169,99876.53,2.4550781,0,1,160.8
2022/7/1,32,118.6,302.38806,0.003418898,0.00844574,0.8469677,99951.53,1.8579102,0,1,268.8
2022/7/1,32,118.7,302.52673,0.003127446,0.011375427,0.8464794,100090.53,0.75024414,0,1,230.1
2022/7/1,32,118.8,302.5658,0.002937009,0.006004334,0.8518505,100081.53,0.1899414,0,1,146.4
2022/7/1,32,118.9,302.50525,0.002812897,-0.002784729,0.8547802,99932.53,2.458252,0,1,214.8
2022/7/1,31.9,118.5,302.47205,0.003300553,0.034812927,0.91581535,100127.53,0.6816406,0,1,72.3
2022/7/1,31.9,118.6,302.55994,0.003062045,0.046043396,0.8855419,100157.53,0.68237305,0,1,133.2
2022/7/1,31.9,118.7,302.66736,0.002815282,0.056297302,0.8601513,100156.53,2.4837646,0,1,222.9
2022/7/1,31.9,118.8,302.6693,0.002664601,0.04409027,0.8542919,100133.53,0.421875,0,1,219
2022/7/1,31.9,118.9,302.71228,0.002516394,0.03188324,0.8547802,100156.53,1.8751221,0,1,167.1
2022/7/1,31.8,118.5,302.5951,0.003079449,0.08168793,0.9123974,100192.53,0,0,1,87.6
2022/7/1,31.8,118.6,302.59705,0.002826949,0.088523865,0.875288,100036.53,1.0788574,0,1,145.5
2022/7/1,31.8,118.7,302.60486,0.002607887,0.085105896,0.84013176,99954.53,1.9458008,0,1,191.7
2022/7/1,31.8,118.8,302.67126,0.002536451,0.0641098,0.83036613,100057.53,0.35339355,0,1,204.6
2022/7/1,31.8,118.9,302.80798,0.002474462,0.044578552,0.8372021,100263.53,2.137329,0,1,209.1
2022/8/1,32,118.5,303.32745,0.001321069,-0.11193848,0.3969984,100145.53,2.4575195,0,1,129.9
2022/8/1,32,118.6,303.42316,0.001297681,-0.10119629,0.36526012,100218.53,1.8637695,0,1,182.1
2022/8/1,32,118.7,303.61066,0.001277788,-0.10168457,0.34426403,100356.53,0.75024414,0,1,131.4
2022/8/1,32,118.8,303.69855,0.001283391,-0.11975098,0.33156872,100346.53,0.1899414,0,1,182.1
2022/8/1,32,118.9,303.65167,0.001293032,-0.14562988,0.32326794,100196.53,2.4611816,0,1,171
2022/8/1,31.9,118.5,303.4876,0.001302703,-0.08947754,0.40871716,100394.53,0.6812744,0,1,63.6
2022/8/1,31.9,118.6,303.57745,0.001281744,-0.07678223,0.37453747,100422.53,0.6837158,0,1,116.7
2022/8/1,31.9,118.7,303.80402,0.001261434,-0.06604004,0.3423109,100420.53,2.4846191,0,1,175.5
2022/8/1,31.9,118.8,303.8626,0.001218176,-0.08459473,0.3296156,100396.53,0.421875,0,1,174.3
2022/8/1,31.9,118.9,303.92316,0.001173674,-0.10412598,0.32375622,100418.53,1.8758545,0,1,120.3
2022/8/1,31.8,118.5,303.59308,0.001400007,-0.04260254,0.3921156,100457.53,0,0,1,65.4
2022/8/1,31.8,118.6,303.68683,0.00136195,-0.033813477,0.3525648,100299.53,1.0795898,0,1,122.1
2022/8/1,31.8,118.7,303.78058,0.001309535,-0.037231445,0.31496716,100216.53,1.9458008,0,1,155.4
2022/8/1,31.8,118.8,303.86847,0.001267082,-0.06506348,0.2978773,100317.53,0.35339355,0,1,146.7
2022/8/1,31.8,118.9,304.0423,0.001229195,-0.09338379,0.2959242,100523.53,2.137329,0,1,117
2022/9/1,32,118.5,296.20947,0.000712724,-1.0535498,-1.5027275,100784.055,2.4226074,0,1,113.1
2022/9/1,32,118.6,296.14307,0.000763034,-1.0281591,-1.4841728,100848.055,1.8238525,0,1,188.7
2022/9/1,32,118.7,296.14502,0.000791469,-1.0291357,-1.4939384,100979.055,0.75024414,0,1,164.7
2022/9/1,32,118.8,296.1587,0.00079873,-1.0354834,-1.5110283,100967.055,0.1899414,0,1,198.3
2022/9/1,32,118.9,296.09424,0.000798022,-1.0354834,-1.5266533,100813.055,2.4468994,0,1,183.3
2022/9/1,31.9,118.5,296.31494,0.000767005,-1.1004248,-1.5456963,101029.055,0.6719971,0,1,49.2
2022/9/1,31.9,118.6,296.25635,0.000823656,-1.0662451,-1.5178642,101058.055,0.6781006,0,1,133.5
2022/9/1,31.9,118.7,296.27588,0.000874946,-1.038413,-1.4978447,101045.055,2.4771729,0,1,171
2022/9/1,31.9,118.8,296.23486,0.000902613,-1.022788,-1.4993095,101020.055,0.421875,0,1,168.3
2022/9/1,31.9,118.9,296.2173,0.000902025,-1.0096045,-1.5115166,101035.055,1.8693848,0,1,131.4
2022/9/1,31.8,118.5,296.3501,0.000712907,-1.1121435,-1.5842705,101083.055,0,0,1,55.5
2022/9/1,31.8,118.6,296.29346,0.000786239,-1.0745459,-1.5491142,100918.055,1.0672607,0,1,123.9
2022/9/1,31.8,118.7,296.21338,0.000875504,-1.038413,-1.5129814,100832.055,1.9361572,0,1,157.5
2022/9/1,31.8,118.8,296.21143,0.000951657,-1.0179052,-1.5007744,100926.055,0.35339355,0,1,151.8
2022/9/1,31.8,118.9,296.28564,0.000975588,-1.0061865,-1.5124931,101127.055,2.137329,0,1,136.8
2022/10/1,32,118.5,289.94232,0.001249202,-1.4745369,-1.1298637,101796.6,2.390503,0,1,111.9
2022/10/1,32,118.6,289.9228,0.001230486,-1.4691658,-1.1044731,101863.6,1.783081,0,1,151.2
2022/10/1,32,118.7,289.956,0.001227226,-1.4750252,-1.1074028,102001.6,0.75024414,0,1,144
2022/10/1,32,118.8,289.97162,0.001233377,-1.4838142,-1.121563,101990.6,0.18945312,0,1,76.8
2022/10/1,32,118.9,289.98334,0.00123613,-1.4891853,-1.13377,101832.6,2.4196777,0,1,100.8
2022/10/1,31.9,118.5,290.09857,0.001223706,-1.5409431,-1.1762505,102048.6,0.6636963,0,1,91.8
2022/10/1,31.9,118.6,290.07904,0.001201082,-1.5321541,-1.1415825,102079.6,0.6717529,0,1,72.9
2022/10/1,31.9,118.7,290.16498,0.001182135,-1.5258064,-1.1137505,102068.6,2.465088,0,1,100.8
2022/10/1,31.9,118.8,290.1396,0.00115921,-1.5204353,-1.1103325,102044.6,0.421875,0,1,78.9
2022/10/1,31.9,118.9,290.14154,0.001135089,-1.5155525,-1.1137505,102061.6,1.861206,0,1,82.8
2022/10/1,31.8,118.5,290.16302,0.001161352,-1.5931892,-1.2109184,102102.6,0,0,1,121.2
2022/10/1,31.8,118.6,290.1767,0.001131844,-1.5795174,-1.1689262,101933.6,1.0568848,0,1,108.9
2022/10/1,31.8,118.7,290.13373,0.001098644,-1.5638924,-1.1283989,101846.6,1.9284668,0,1,84.3
2022/10/1,31.8,118.8,290.16107,0.001075912,-1.5565681,-1.1176567,101946.6,0.35339355,0,1,88.2
2022/10/1,31.8,118.9,290.24896,0.001056377,-1.5541267,-1.126934,102156.6,2.137329,0,1,90.6
2022/11/1,32,118.5,287.01447,0.000971971,-1.2683802,-0.8475714,101646.79,2.374878,0,1,64.8
2022/11/1,32,118.6,287.02032,0.000970571,-1.2717981,-0.807044,101714.79,1.7624512,0,1,81
2022/11/1,32,118.7,287.0672,0.000948759,-1.2849817,-0.78800106,101853.79,0.75024414,0,1,52.2
2022/11/1,32,118.8,287.10236,0.000938637,-1.2927942,-0.7787237,101843.79,0.18945312,0,1,27
2022/11/1,32,118.9,287.11212,0.000940049,-1.292306,-0.76993465,101686.79,2.4030762,0,1,50.4
2022/11/1,31.9,118.5,287.21564,0.000959022,-1.3211145,-0.8856573,101901.79,0.6591797,0,1,60.9
2022/11/1,31.9,118.6,287.21954,0.000966029,-1.3206263,-0.83780575,101933.79,0.66748047,0,1,23.4
2022/11/1,31.9,118.7,287.28986,0.000967792,-1.3230677,-0.7953253,101922.79,2.458252,0,1,51.6
2022/11/1,31.9,118.8,287.284,0.00096581,-1.3142786,-0.77823544,101899.79,0.421875,0,1,47.7
2022/11/1,31.9,118.9,287.2918,0.000964498,-1.304513,-0.7665167,101916.79,1.8540039,0,1,41.4
2022/11/1,31.8,118.5,287.3426,0.000983147,-1.351388,-0.9095831,101956.79,0,0,1,63.3
2022/11/1,31.8,118.6,287.3504,0.000990024,-1.3460169,-0.85831356,101787.79,1.0495605,0,1,51.6
2022/11/1,31.8,118.7,287.32892,0.000995478,-1.3347864,-0.81143856,101698.79,1.9211426,0,1,40.8
2022/11/1,31.8,118.8,287.36017,0.000996588,-1.3230677,-0.7923956,101800.79,0.35339355,0,1,47.7
2022/11/1,31.8,118.9,287.43634,0.000994677,-1.3137903,-0.78800106,102013.79,2.137329,0,1,49.8
2022/12/1,32,118.5,276.39096,0.000191335,-0.14643192,-1.0838547,102390.04,2.3666992,0,1,49.8
2022/12/1,32,118.6,276.4105,0.000200578,-0.14301395,-1.0540695,102459.04,1.7519531,0,1,25.8
2022/12/1,32,118.7,276.48276,0.000205327,-0.14594364,-1.0521164,102604.04,0.75024414,0,1,20.4
2022/12/1,32,118.8,276.4476,0.000208907,-0.12494755,-1.0711594,102590.04,0.18945312,0,1,10.2
2022/12/1,32,118.9,276.514,0.000212607,-0.088326454,-1.09655,102422.04,2.395996,0,1,11.4
2022/12/1,31.9,118.5,276.59213,0.000204377,-0.19184208,-1.1009445,102660.04,0.6571045,0,1,53.4
2022/12/1,31.9,118.6,276.58627,0.000215144,-0.18451786,-1.0633469,102692.04,0.6652832,0,1,19.8
2022/12/1,31.9,118.7,276.67807,0.000224755,-0.17865849,-1.0320969,102678.04,2.4569092,0,1,10.5
2022/12/1,31.9,118.8,276.68393,0.000229166,-0.14740849,-1.0413742,102650.04,0.421875,0,1,5.1
2022/12/1,31.9,118.9,276.70932,0.000232287,-0.1132288,-1.0599289,102667.04,1.8482666,0,1,9.6
2022/12/1,31.8,118.5,276.68393,0.000227564,-0.2406702,-1.1116867,102721.04,0,0,1,53.7
2022/12/1,31.8,118.6,276.72495,0.000237816,-0.22895145,-1.0721359,102542.04,1.0478516,0,1,33.3
2022/12/1,31.8,118.7,276.6976,0.000246891,-0.20795536,-1.0418625,102447.04,1.918457,0,1,11.7
2022/12/1,31.8,118.8,276.7562,0.00025335,-0.16840458,-1.0477219,102551.04,0.35339355,0,1,8.7
2022/12/1,31.8,118.9,276.86362,0.000257254,-0.12836552,-1.0716476,102770.04,2.137329,0,1,9.3
2023/1/1,32,118.5,277.22308,0.000503459,-0.29667568,-0.51683617,102196.87,2.3620605,0,1,45.6
2023/1/1,32,118.6,277.24847,0.000497942,-0.32353115,-0.48363304,102267.87,1.7478027,0,1,21.3
2023/1/1,32,118.7,277.31097,0.00048766,-0.35282803,-0.46556664,102413.87,0.75024414,0,1,21.9
2023/1/1,32,118.8,277.2348,0.000483108,-0.3586874,-0.46068382,102402.87,0.18945312,0,1,6.9
2023/1/1,32,118.9,277.2934,0.000483544,-0.34989834,-0.46019554,102237.87,2.395874,0,1,6
2023/1/1,31.9,118.5,277.4145,0.000513432,-0.33329678,-0.5114651,102465.87,0.6571045,0,1,47.7
2023/1/1,31.9,118.6,277.40472,0.000510042,-0.35673428,-0.4743557,102498.87,0.6654053,0,1,15.6
2023/1/1,31.9,118.7,277.49457,0.000505378,-0.38163662,-0.4406643,102487.87,2.4569092,0,1,6.3
2023/1/1,31.9,118.8,277.4809,0.000505646,-0.37528896,-0.43431664,102462.87,0.421875,0,1,6.6
2023/1/1,31.9,118.9,277.47504,0.000507292,-0.36503506,-0.4323635,102480.87,1.8483887,0,1,6
2023/1/1,31.8,118.5,277.49066,0.000526187,-0.37528896,-0.50902367,102526.87,0,0,1,47.1
2023/1/1,31.8,118.6,277.5102,0.000524686,-0.3953085,-0.47337914,102349.87,1.0478516,0,1,26.4
2023/1/1,31.8,118.7,277.4809,0.000525133,-0.40409756,-0.44652367,102257.87,1.918457,0,1,9.3
2023/1/1,31.8,118.8,277.52972,0.000525286,-0.39091396,-0.4431057,102362.87,0.35339355,0,1,5.7
2023/1/1,31.8,118.9,277.61957,0.000525435,-0.37333584,-0.44701195,102584.87,2.137329,0,1,4.8
2023/2/1,32,118.5,278.883,0.000851817,-1.6425743,-0.9127474,102219.12,2.3741455,0,1,47.1
2023/2/1,32,118.6,278.87714,0.000852506,-1.645504,-0.8766146,102291.12,1.7614746,0,1,27.9
2023/2/1,32,118.7,278.90057,0.000844933,-1.6621056,-0.86391926,102436.12,0.75024414,0,1,23.4
2023/2/1,32,118.8,278.8791,0.000848375,-1.6704063,-0.8629427,102426.12,0.18945312,0,1,8.1
2023/2/1,32,118.9,278.88104,0.000860221,-1.6694298,-0.863431,102263.12,2.4006348,0,1,9
2023/2/1,31.9,118.5,279.05487,0.000881545,-1.704586,-0.9391146,102483.12,0.6591797,0,1,48.3
2023/2/1,31.9,118.6,279.04706,0.000886086,-1.7021446,-0.89565754,102517.12,0.6672363,0,1,15.3
2023/2/1,31.9,118.7,279.10565,0.000888455,-1.7036095,-0.8575716,102506.12,2.45813,0,1,12.6
2023/2/1,31.9,118.8,279.08026,0.000895209,-1.6948204,-0.847806,102482.12,0.421875,0,1,8.4
2023/2/1,31.9,118.9,279.05096,0.000904884,-1.6840782,-0.84341145,102500.12,1.8531494,0,1,9.3
2023/2/1,31.8,118.5,279.14276,0.00091017,-1.7353477,-0.9454622,102539.12,0,0,1,49.2
2023/2/1,31.8,118.6,279.14276,0.000913579,-1.7280235,-0.8990755,102363.12,1.0495605,0,1,28.5
2023/2/1,31.8,118.7,279.1115,0.000916801,-1.7163048,-0.85903645,102273.12,1.920166,0,1,12
2023/2/1,31.8,118.8,279.1369,0.000923186,-1.7060509,-0.84878254,102379.12,0.35339355,0,1,10.5
2023/2/1,31.8,118.9,279.18964,0.000932548,-1.6967735,-0.8517122,102600.12,2.137329,0,1,11.4
2023/3/1,32,118.5,285.51434,0.000469621,-1.0284653,0.33398724,101563.02,2.390747,0,1,82.5
2023/3/1,32,118.6,285.47333,0.000461602,-1.0489731,0.34131145,101634.02,1.7816162,0,1,92.1
2023/3/1,32,118.7,285.4655,0.000458764,-1.0811996,0.34863567,101777.02,0.75024414,0,1,90.3
2023/3/1,32,118.8,285.41864,0.000460051,-1.1036606,0.3530302,101769.02,0.18945312,0,1,85.2
2023/3/1,32,118.9,285.44598,0.000464437,-1.1168442,0.3554716,101613.02,2.4134521,0,1,69.6
2023/3/1,31.9,118.5,285.6198,0.000484855,-1.0816879,0.3242216,101823.02,0.6636963,0,1,67.5
2023/3/1,31.9,118.6,285.5788,0.000475082,-1.0973129,0.33154583,101858.02,0.670166,0,1,48.3
2023/3/1,31.9,118.7,285.6745,0.000466501,-1.1158676,0.33838177,101848.02,2.4642334,0,1,56.4
2023/3/1,31.9,118.8,285.62958,0.000482147,-1.1241684,0.3398466,101827.02,0.421875,0,1,55.2
2023/3/1,31.9,118.9,285.57294,0.000495147,-1.1314926,0.33935833,101847.02,1.855835,0,1,66.6
2023/3/1,31.8,118.5,285.61005,0.000485507,-1.118309,0.2959013,101882.02,0,0,1,65.4
2023/3/1,31.8,118.6,285.60028,0.000480309,-1.1300278,0.30273724,101714.02,1.0567627,0,1,60
2023/3/1,31.8,118.7,285.54755,0.000488204,-1.137352,0.30810833,101627.02,1.9273682,0,1,53.1
2023/3/1,31.8,118.8,285.56317,0.000521252,-1.1402817,0.3085966,101731.02,0.35339355,0,1,59.7
2023/3/1,31.8,118.9,285.6159,0.000550335,-1.1456528,0.3066435,101947.02,2.137329,0,1,60.9
2023/4/1,32,118.5,290.07333,0.001059036,-0.7856684,0.39226627,100922.35,2.4124756,0,1,78.9
2023/4/1,32,118.6,290.05185,0.001055225,-0.795434,0.40398502,100992.35,1.8109131,0,1,151.2
2023/4/1,32,118.7,290.0616,0.001042365,-0.823266,0.4205866,101132.35,0.75024414,0,1,92.4
2023/4/1,32,118.8,290.00888,0.001047837,-0.8496332,0.4357233,101124.35,0.1899414,0,1,79.2
2023/4/1,32,118.9,289.9542,0.001063737,-0.8681879,0.4464655,100973.35,2.4334717,0,1,99.9
2023/4/1,31.9,118.5,290.1866,0.001100468,-0.8291254,0.40349674,101177.35,0.6694336,0,1,48.6
2023/4/1,31.9,118.6,290.15927,0.001101735,-0.8320551,0.41375065,101211.35,0.6755371,0,1,44.7
2023/4/1,31.9,118.7,290.21786,0.001100759,-0.8398676,0.42498112,101202.35,2.4709473,0,1,111.3
2023/4/1,31.9,118.8,290.1495,0.001106753,-0.8481684,0.4279108,101183.35,0.421875,0,1,94.8
2023/4/1,31.9,118.9,290.08115,0.001107148,-0.857934,0.42986393,101203.35,1.8618164,0,1,93
2023/4/1,31.8,118.5,290.2042,0.001142199,-0.8496332,0.38201237,101234.35,0,0,1,50.7
2023/4/1,31.8,118.6,290.17294,0.001150078,-0.8476801,0.3888483,101071.35,1.0631104,0,1,67.8
2023/4/1,31.8,118.7,290.11044,0.001167002,-0.8427973,0.391778,100987.35,1.9320068,0,1,83.7
2023/4/1,31.8,118.8,290.10263,0.001188791,-0.84621525,0.39373112,101090.35,0.35339355,0,1,94.5
2023/4/1,31.8,118.9,290.13583,0.001196458,-0.85695744,0.39617252,101302.35,2.137329,0,1,78.6
2023/5/1,32,118.5,294.24612,0.002765134,-0.75546455,0.28283215,100603.85,2.4172363,0,1,147
2023/5/1,32,118.6,294.2559,0.002807628,-0.7564411,0.29357433,100671.85,1.8164062,0,1,214.5
2023/5/1,32,118.7,294.31058,0.002788335,-0.77108955,0.30138683,100807.85,0.75024414,0,1,196.2
2023/5/1,32,118.8,294.30472,0.002685435,-0.7881794,0.31652355,100799.85,0.1899414,0,1,134.7
2023/5/1,32,118.9,294.2637,0.002549376,-0.80282784,0.33458996,100648.85,2.4387207,0,1,138.9
2023/5/1,31.9,118.5,294.37503,0.002711881,-0.7940388,0.28478527,100852.85,0.6717529,0,1,111
2023/5/1,31.9,118.6,294.37503,0.002769265,-0.7906208,0.29650402,100885.85,0.6777344,0,1,126.3
2023/5/1,31.9,118.7,294.43753,0.002811707,-0.7906208,0.3077345,100875.85,2.472168,0,1,210.3
2023/5/1,31.9,118.8,294.4102,0.002756472,-0.7964802,0.3204298,100854.85,0.421875,0,1,160.2
2023/5/1,31.9,118.9,294.39847,0.002643324,-0.80478096,0.3336134,100873.85,1.862915,0,1,123.6
2023/5/1,31.8,118.5,294.4258,0.002684761,-0.8218708,0.26183605,100908.85,0,0,1,102.6
2023/5/1,31.8,118.6,294.40237,0.00274561,-0.816988,0.27257824,100747.85,1.0653076,0,1,154.5
2023/5/1,31.8,118.7,294.3594,0.002808619,-0.8121052,0.28332043,100664.85,1.9331055,0,1,165.6
2023/5/1,31.8,118.8,294.38284,0.002851888,-0.81259346,0.2969923,100764.85,0.35339355,0,1,159.3
2023/5/1,31.8,118.9,294.46097,0.002805631,-0.8189411,0.31164074,100970.85,2.137329,0,1,143.4
2023/6/1,32,118.5,297.93237,0.002978967,-0.29690075,0.53517246,100131.484,2.4230957,0,1,135.6
2023/6/1,32,118.6,297.95972,0.003052448,-0.30129528,0.5439615,100197.484,1.8212891,0,1,190.5
2023/6/1,32,118.7,298.03784,0.00312175,-0.32082653,0.55909824,100331.484,0.75024414,0,1,141
2023/6/1,32,118.8,298.02222,0.003243623,-0.33889294,0.57765293,100323.484,0.1899414,0,1,79.8
2023/6/1,32,118.9,297.93628,0.003395149,-0.35109997,0.59523106,100175.484,2.4377441,0,1,97.5
2023/6/1,31.9,118.5,298.09253,0.003109173,-0.34133434,0.5424967,100377.484,0.6734619,0,1,104.1
2023/6/1,31.9,118.6,298.1023,0.003188861,-0.3398695,0.5493326,100409.484,0.6772461,0,1,152.7
2023/6/1,31.9,118.7,298.1277,0.003267301,-0.3427992,0.5581217,100400.484,2.4735107,0,1,144.9
2023/6/1,31.9,118.8,298.09253,0.003387479,-0.3501234,0.5654459,100379.484,0.421875,0,1,111
2023/6/1,31.9,118.9,298.08276,0.003519883,-0.35695934,0.570817,100397.484,1.8643799,0,1,99.6
2023/6/1,31.8,118.5,298.18823,0.00333275,-0.35891247,0.52198887,100433.484,0,0,1,110.4
2023/6/1,31.8,118.6,298.1355,0.003404794,-0.3579359,0.52540684,100274.484,1.0661621,0,1,157.8
2023/6/1,31.8,118.7,298.07886,0.00348269,-0.35891247,0.52735996,100193.484,1.9344482,0,1,136.2
2023/6/1,31.8,118.8,298.1023,0.00360695,-0.3657484,0.53859043,100291.484,0.35339355,0,1,123.9
2023/6/1,31.8,118.9,298.18433,0.00375208,-0.3740492,0.5503092,100493.484,2.137329,0,1,139.8
2023/7/1,32,118.5,301.11908,0.005170761,-0.31817818,1.5405254,99985.96,2.4550781,0,1,186.3
2023/7/1,32,118.6,301.164,0.005200049,-0.32159615,1.5253887,100052.96,1.8579102,0,1,276.9
2023/7/1,32,118.7,301.23627,0.005200369,-0.33770943,1.5405254,100187.96,0.75024414,0,1,315
2023/7/1,32,118.8,301.2343,0.005305102,-0.35724068,1.5595684,100181.96,0.1899414,0,1,129.6
2023/7/1,32,118.9,301.14447,0.005496664,-0.37579536,1.5698223,100038.96,2.458252,0,1,256.5
2023/7/1,31.9,118.5,301.27533,0.004982499,-0.32452583,1.5864239,100228.96,0.6816406,0,1,113.1
2023/7/1,31.9,118.6,301.30463,0.005027695,-0.32354927,1.5615215,100262.96,0.68237305,0,1,189
2023/7/1,31.9,118.7,301.31244,0.005065857,-0.32599068,1.5434551,100256.96,2.4837646,0,1,256.2
2023/7/1,31.9,118.8,301.2812,0.005282862,-0.3406391,1.5336895,100238.96,0.421875,0,1,153
2023/7/1,31.9,118.9,301.27728,0.005543089,-0.3567524,1.5278301,100258.96,1.8751221,0,1,167.7
2023/7/1,31.8,118.5,301.34955,0.004875882,-0.3152485,1.5742168,100286.96,0,0,1,135.3
2023/7/1,31.8,118.6,301.28705,0.005006475,-0.31427193,1.5395489,100132.96,1.0788574,0,1,195.6
2023/7/1,31.8,118.7,301.23822,0.00521127,-0.31622505,1.5004864,100054.96,1.9458008,0,1,199.5
2023/7/1,31.8,118.8,301.27338,0.005379697,-0.33136177,1.48242,100152.96,0.35339355,0,1,210
2023/7/1,31.8,118.9,301.3554,0.005554779,-0.35089302,1.4804668,100353.96,2.137329,0,1,262.8
2023/8/1,32,118.5,300.19824,0.003197527,-1.1502466,-0.4561262,100034.19,2.4575195,0,1,202.8
2023/8/1,32,118.6,300.25293,0.003008659,-1.1360865,-0.43952465,100098.19,1.8637695,0,1,249.9
2023/8/1,32,118.7,300.35645,0.00286246,-1.1390162,-0.43171215,100229.19,0.75024414,0,1,242.4
2023/8/1,32,118.8,300.33887,0.002807206,-1.1507349,-0.42389965,100220.19,0.1899414,0,1,235.8
2023/8/1,32,118.9,300.25684,0.002802605,-1.1619654,-0.41315746,100072.19,2.4611816,0,1,259.5
2023/8/1,31.9,118.5,300.36816,0.003553262,-1.1946802,-0.45856762,100274.19,0.6812744,0,1,128.4
2023/8/1,31.9,118.6,300.38965,0.003355364,-1.1756372,-0.4385481,100305.19,0.6837158,0,1,214.8
2023/8/1,31.9,118.7,300.3877,0.003167103,-1.1605005,-0.42048168,100294.19,2.4846191,0,1,264.6
2023/8/1,31.9,118.8,300.3545,0.003109372,-1.159524,-0.4097395,100273.19,0.421875,0,1,189.3
2023/8/1,31.9,118.9,300.3506,0.003122179,-1.159524,-0.39850903,100290.19,1.8758545,0,1,199.2
2023/8/1,31.8,118.5,300.4619,0.004121414,-1.1927271,-0.4639387,100328.19,0,0,1,130.8
2023/8/1,31.8,118.6,300.38574,0.003932903,-1.1736841,-0.4434309,100169.19,1.0795898,0,1,199.5
2023/8/1,31.8,118.7,300.31152,0.003751452,-1.1580591,-0.42585278,100087.19,1.9458008,0,1,222.9
2023/8/1,31.8,118.8,300.33496,0.00358014,-1.1565943,-0.41559887,100183.19,0.35339355,0,1,218.7
2023/8/1,31.8,118.9,300.43066,0.003507747,-1.159524,-0.4068098,100382.19,2.137329,0,1,222.3
2023/9/1,32,118.5,296.94733,0.002351841,-1.353241,-1.0878267,100767.734,2.4226074,0,1,138.3
2023/9/1,32,118.6,296.99615,0.00224783,-1.3327332,-1.0580416,100831.734,1.8238525,0,1,204
2023/9/1,32,118.7,297.086,0.002167342,-1.3298035,-1.0487642,100964.734,0.75024414,0,1,186.6
2023/9/1,32,118.8,297.10358,0.002133002,-1.3361511,-1.0409517,100954.734,0.1899414,0,1,176.4
2023/9/1,32,118.9,297.0606,0.002131579,-1.3410339,-1.0287447,100803.734,2.4468994,0,1,177.3
2023/9/1,31.9,118.5,297.127,0.002418151,-1.4259949,-1.1102877,101010.734,0.6719971,0,1,81
2023/9/1,31.9,118.6,297.15436,0.002307815,-1.4006042,-1.07269,101040.734,0.6781006,0,1,179.7
2023/9/1,31.9,118.7,297.1778,0.002203067,-1.3796082,-1.0404634,101029.734,2.4771729,0,1,150.6
2023/9/1,31.9,118.8,297.1739,0.002222685,-1.3674011,-1.0253267,101006.734,0.421875,0,1,136.8
2023/9/1,31.9,118.9,297.19147,0.002267932,-1.3561707,-1.0150728,101022.734,1.8693848,0,1,155.1
2023/9/1,31.8,118.5,297.2364,0.002291558,-1.459198,-1.1234713,101062.734,0,0,1,72.3
2023/9/1,31.8,118.6,297.19342,0.00221466,-1.4318542,-1.0829439,100900.734,1.0672607,0,1,131.4
2023/9/1,31.8,118.7,297.15436,0.002182295,-1.4064636,-1.0443697,100815.734,1.9361572,0,1,155.7
2023/9/1,31.8,118.8,297.2032,0.00218526,-1.3937683,-1.025815,100912.734,0.35339355,0,1,144
2023/9/1,31.8,118.9,297.30865,0.002211397,-1.3849792,-1.0194674,101114.734,2.137329,0,1,133.2
2023/10/1,32,118.5,291.6416,0.000323139,-1.0360613,-0.47864723,101512.625,2.390503,0,1,126.6
2023/10/1,32,118.6,291.65918,0.000313527,-1.0385027,-0.45423317,101579.625,1.783081,0,1,157.2
2023/10/1,32,118.7,291.71582,0.000297755,-1.0526628,-0.44495583,101716.625,0.75024414,0,1,133.5
2023/10/1,32,118.8,291.69043,0.000285558,-1.0604753,-0.440073,101706.625,0.18945312,0,1,145.2
2023/10/1,32,118.9,291.6494,0.000276483,-1.0594988,-0.43421364,101551.625,2.4196777,0,1,154.8
2023/10/1,31.9,118.5,291.82715,0.000309139,-1.1097918,-0.5030613,101764.625,0.6636963,0,1,93.3
2023/10/1,31.9,118.6,291.80762,0.000302016,-1.1078386,-0.47376442,101795.625,0.6717529,0,1,155.4
2023/10/1,31.9,118.7,291.8252,0.000293359,-1.1088152,-0.4478855,101785.625,2.465088,0,1,132.6
2023/10/1,31.9,118.8,291.79004,0.000284984,-1.1000261,-0.43909645,101762.625,0.421875,0,1,132
2023/10/1,31.9,118.9,291.8037,0.000273965,-1.089284,-0.43421364,101779.625,1.861206,0,1,146.1
2023/10/1,31.8,118.5,291.91113,0.000291191,-1.1620378,-0.53333473,101819.625,0,0,1,80.1
2023/10/1,31.8,118.6,291.83887,0.000286296,-1.1547136,-0.502573,101653.625,1.0568848,0,1,126
2023/10/1,31.8,118.7,291.74707,0.000284336,-1.1420183,-0.47522926,101567.625,1.9284668,0,1,140.1
2023/10/1,31.8,118.8,291.7998,0.000282928,-1.1302996,-0.4639988,101667.625,0.35339355,0,1,132.3
2023/10/1,31.8,118.9,291.91895,0.000275388,-1.120534,-0.46253395,101876.625,2.137329,0,1,118.5
2023/11/1,32,118.5,284.60434,0.000793634,-0.10525608,-0.5211487,101908.25,2.374878,0,1,66.3
2023/11/1,32,118.6,284.59848,0.000805611,-0.110627174,-0.5021057,101977.25,1.7624512,0,1,89.7
2023/11/1,32,118.7,284.61996,0.000784786,-0.12088108,-0.49282837,102118.25,0.75024414,0,1,81.6
2023/11/1,32,118.8,284.60825,0.000778222,-0.11013889,-0.4947815,102106.25,0.18945312,0,1,33.3
2023/11/1,32,118.9,284.69614,0.000790944,-0.08523655,-0.5021057,101945.25,2.4030762,0,1,49.5
2023/11/1,31.9,118.5,284.8309,0.000706183,-0.13504124,-0.5123596,102170.25,0.6591797,0,1,58.5
2023/11/1,31.9,118.6,284.8055,0.000730461,-0.13699436,-0.4918518,102202.25,0.66748047,0,1,27.3
2023/11/1,31.9,118.7,284.87582,0.000746837,-0.14041233,-0.47329712,102190.25,2.458252,0,1,43.2
2023/11/1,31.9,118.8,284.85825,0.000763798,-0.11941624,-0.47476196,102166.25,0.421875,0,1,47.4
2023/11/1,31.9,118.9,284.87192,0.00078846,-0.095002174,-0.48110962,102182.25,1.8540039,0,1,45
2023/11/1,31.8,118.5,284.94028,0.000672458,-0.17654514,-0.51431274,102229.25,0,0,1,49.8
2023/11/1,31.8,118.6,284.94223,0.000693249,-0.17361546,-0.49380493,102057.25,1.0495605,0,1,54.9
2023/11/1,31.8,118.7,284.88168,0.000709003,-0.16092014,-0.4786682,101968.25,1.9211426,0,1,39.3
2023/11/1,31.8,118.8,284.92856,0.000721758,-0.13406467,-0.4815979,102069.25,0.35339355,0,1,46.8
2023/11/1,31.8,118.9,285.0223,0.000742411,-0.10623264,-0.49087524,102283.25,2.137329,0,1,51.6
2023/12/1,32,118.5,277.4477,0.00071185,0.067474365,-0.6341953,102277.52,2.3666992,0,1,51
2023/12/1,32,118.6,277.3676,0.000710006,0.0640564,-0.6190586,102348.52,1.7519531,0,1,33.9
2023/12/1,32,118.7,277.352,0.000716976,0.058685303,-0.62101173,102492.52,0.75024414,0,1,26.1
2023/12/1,32,118.8,277.393,0.000709317,0.0796814,-0.63907814,102480.52,0.18945312,0,1,5.7
2023/12/1,32,118.9,277.4145,0.000692382,0.11727905,-0.66202736,102314.52,2.395996,0,1,5.1
2023/12/1,31.9,118.5,277.58636,0.000691901,0.037200928,-0.640543,102548.52,0.6571045,0,1,56.4
2023/12/1,31.9,118.6,277.5473,0.000685531,0.036712646,-0.62101173,102581.52,0.6652832,0,1,11.4
2023/12/1,31.9,118.7,277.60004,0.000681254,0.036224365,-0.60538673,102567.52,2.4569092,0,1,9
2023/12/1,31.9,118.8,277.57465,0.000676162,0.06503296,-0.6161289,102541.52,0.421875,0,1,4.2
2023/12/1,31.9,118.9,277.57074,0.000668145,0.09921265,-0.6327305,102558.52,1.8482666,0,1,8.1
2023/12/1,31.8,118.5,277.6723,0.000672887,-0.004302979,-0.66251564,102610.52,0,0,1,57
2023/12/1,31.8,118.6,277.6684,0.000669899,-0.001861572,-0.6420078,102432.52,1.0478516,0,1,32.1
2023/12/1,31.8,118.7,277.6137,0.000669356,0.010345459,-0.6268711,102339.52,1.918457,0,1,8.1
2023/12/1,31.8,118.8,277.63324,0.000664904,0.04159546,-0.6341953,102444.52,0.35339355,0,1,7.8
2023/12/1,31.8,118.9,277.68988,0.000656462,0.0796814,-0.6537266,102663.52,2.137329,0,1,9.9
